pregunta,opcion_1,opcion_2,opcion_3,opcion_4,respuesta
¿CUÁNDO SE CELEBRA EL DÍA DE LA EDUCACIÓN ESPECIAL?,19 DE AGOSTO,9 DE AGOSTO,6 DE AGOSTO,8 DE AGOSTO,9 DE AGOSTO
¿EN MAYO DE QUÉ AÑO SE CONFORMÓ LA PRIMERA ASOCIACIÓN COOPERADORA?,MAYO DE 1990,MAYO DE 1993,MAYO DE 1996,MAYO DE 1992,MAYO DE 1993
¿CUÁNDO COMENZÓ LA CONSTRUCCIÓN DEL ACTUAL EDIFICIO ESCOLAR?,EN 2020,EN 2010,EN 2002,EN 2005,EN 2002
¿CUÁNDO SE REALIZÓ LA INAUGURACIÓN DEL ACTUAL EDIFICIO ESCOLAR?,EL 26 DE FEBRERO DE 2005,EL 23 DE FEBRERO DE 2005,EL 26 DE ENERO DE 2005,EL 23 DE ENERO DEL 2005,EL 26 DE FEBRERO DE 2005
"EL 14 DE MARZO DEL 2012, LA ESCUELA DE EDUCACIÓN ESPECIAL N° 502:",PASÓ A SER PRIVADA,SE INDEPENDIZÓ INSTITUCIONALMENTE,PASÓ A SER UNA ESCUELA MUNICIPAL,-,SE INDEPENDIZÓ INSTITUCIONALMENTE
¿QUIÉN FUÉ RAQUEL MANDOLINI?,ESTUDIANTE,DOCENTE,DIRECTORA,SECRETARIA,DOCENTE
¿QUÉ PODEMOS APRENDER EN UNA ESCUELA DE EDUCACIÓN ESPECIAL?,LEER Y ESCRIBIR,ACTIVIDADES RECREATIVAS Y ARTISTICAS,"CONTENIDOS ESCOLARES, HABILIDADES PARA VIDA, COMUNICACIÓN,  AUTONOMÍA Y PARTICIPACIÓN.",COSAS MUY DISTINTAS A OTRAS ESCUELAS,"CONTENIDOS ESCOLARES, HABILIDADES PARA VIDA, COMUNICACIÓN,  AUTONOMÍA Y PARTICIPACIÓN."
¿CÓMO SE LLAMAN LAS CALLES EN LAS QUE ESTÁ UBICADA ESTA INSITUCIÓN?,DIAGONAL 10 DE JULIO Y SAAVEDRA,SAAVEDRA Y DIAGONAL 9 DE JULIO,MAIPÚ Y SAAVEDRA,DIAGONAL 25 DE MAYO Y AZOPARDO,SAAVEDRA Y DIAGONAL 9 DE JULIO
¿CÓMO SE LLAMÓ ANTERIORMENTE LA ESCUELA ESPECIAL 502?,ANEXO 502,ANEXO 501,ANEXO 541,ANEXO 500,ANEXO 541
